model,n_samples,mean_l1,std_l1,x,y,z,roll,pitch,yaw,gripper
act_envA,400,0.6866147518157959,0.6393042802810669,0.8377411365509033,0.5792771577835083,0.834014892578125,0.6860401630401611,0.8507219552993774,0.4788047671318054,0.5397029519081116
act_envABC,400,0.7636752128601074,0.6496227383613586,0.9527091979980469,0.6611116528511047,0.8022509217262268,0.6949509978294373,0.8920354247093201,0.5233417749404907,0.819325864315033
